Kategori,Isi Berita,Link
,"

TV Digital Per April, Syarat Set Top Box Sertifikasi Pemerintah Miliki Fitur Mitigasi Bencana 
",https://www.tribunnews.com/techno/2022/02/18/tv-digital-per-april-syarat-set-top-box-sertifikasi-pemerintah-miliki-fitur-mitigasi-bencana
,"

Kemkominfo Sarankan Masyarakat Gunakan STB Bersertifikat untuk Migrasi ke Siaran TV Digital 
",https://www.tribunnews.com/techno/2022/02/18/kemkominfo-sarankan-masyarakat-gunakan-stb-bersertifikat-untuk-migrasi-ke-siaran-tv-digital
Apps,"

KODE Redeem Free Fire Terbaru Hari Ini Jumat, 18 Februari 2022, Perhatikan Hal-hal Ini saat Klaim 
",https://www.tribunnews.com/techno/2022/02/18/kode-redeem-free-fire-terbaru-hari-ini-jumat-18-februari-2022-perhatikan-hal-hal-ini-saat-klaim
,"

9 Bulan Lagi Siaran TV Analog di Indonesia Berakhir, Berikut Tahapannya 
",https://www.tribunnews.com/techno/2022/02/18/9-bulan-lagi-siaran-tv-analog-di-indonesia-berakhir-berikut-tahapannya
Gadget,"

Realme 9 Pro+ Edisi Free Fire Akan Dirilis? 
",https://www.tribunnews.com/techno/2022/02/18/realme-9-pro-edisi-free-fire-akan-dirilis
,"

iPhone 14 Pro Dirumorkan akan Gunakan RAM 8GB 
",https://www.tribunnews.com/techno/2022/02/18/iphone-14-pro-dirumorkan-akan-gunakan-ram-8gb
Apps,"

KODE Redeem FF Jumat, 18 Februari 2022, Perhatikan Cara Klaim Kodenya Melalui reward.ff.garena.com 
",https://www.tribunnews.com/techno/2022/02/18/kode-redeem-ff-jumat-18-februari-2022-perhatikan-cara-klaim-kodenya-melalui-rewardffgarenacom
Gadget,"

Bedah Teknologi Realme 9 Pro+, Kamera Smartphone Mid-Range Rasa Flagship 
",https://www.tribunnews.com/techno/2022/02/18/bedah-teknologi-realme-9-pro-kamera-smartphone-mid-range-rasa-flagship
News,"

Taiwan Bikin RUU Khusus Demi Antisipasi Rahasia Semikonduktornya Dicuri China 
",https://www.tribunnews.com/techno/2022/02/18/taiwan-bikin-ruu-khusus-demi-antisipasi-rahasia-semikonduktornya-dicuri-china
Apps,"

Lima Startup Berkesempatan Berkolaborasidan Pemanfaatan Teknologi di Tinc Batch 7 
",https://www.tribunnews.com/techno/2022/02/18/lima-startup-berkesempatan-berkolaborasidan-pemanfaatan-teknologi-di-tinc-batch-7
Apps,"

WhatsApp iOS Luncurkan Fitur Mendengarkan Pesan Suara di Obrolan Berbeda 
",https://www.tribunnews.com/techno/2022/02/18/whatsapp-ios-luncurkan-fitur-mendengarkan-pesan-suara-di-obrolan-berbeda
Apps,"

Twitter Rilis Fitur Penyemat Percakapan Lewat DM di Platform Android, iOS dan Web 
",https://www.tribunnews.com/techno/2022/02/18/twitter-rilis-fitur-penyemat-percakapan-lewat-dm-di-platform-android-ios-dan-web
Apps,"

Waspada, Peretas Kripto Sudah Merambah Telegram 
",https://www.tribunnews.com/techno/2022/02/18/waspada-peretas-kripto-sudah-merambah-telegram
News,"

Leap Telkom Digital Kembali Adakan Indigo Game Startup Incubation 
",https://www.tribunnews.com/techno/2022/02/17/leap-telkom-digital-kembali-adakan-indigo-game-startup-incubation
,"

Twitter Tambahkan Label Khusus ke Akun Bot Resmi 
",https://www.tribunnews.com/techno/2022/02/17/twitter-tambahkan-label-khusus-ke-akun-bot-resmi
News,"

Hanya Sekali Klik, Chrome OS Bisa Ubah Tampilan PC dan Mac Lawas Jadi Chromebook 
",https://www.tribunnews.com/techno/2022/02/17/hanya-sekali-klik-chrome-os-bisa-ubah-tampilan-pc-dan-mac-lawas-jadi-chromebook
,"

Virgin Galactic Wujudkan Impian Anda Berwisata ke Luar Angkasa, Siapkan Kocek Senilai Rp 6,4 Miliar 
",https://www.tribunnews.com/techno/2022/02/17/virgin-galactic-wujudkan-impian-anda-berwisata-ke-luar-angkasa-siapkan-kocek-senilai-rp-64-miliar
News,"

Incar Posisi Nomor 1, Realme Akan Terus Merangsek Lewat Seri Flagship 
",https://www.tribunnews.com/techno/2022/02/17/incar-posisi-nomor-1-realme-akan-terus-merangsek-lewat-seri-flagship
Apps,"

Spotify Mengakuisisi Dua Platform Teknologi Podcast, Chartable dan Podsights 
",https://www.tribunnews.com/techno/2022/02/17/spotify-mengakuisisi-dua-platform-teknologi-podcast-chartable-dan-podsights
Gadget,"

iPhone 6 Plus Masuk 'Vintage List' Apple, Apa Artinya? 
",https://www.tribunnews.com/techno/2022/02/17/iphone-6-plus-masuk-vintage-list-apple-apa-artinya
Apps,"

KODE Redeem Free Fire Terbaru Hari Ini Kamis, 17 Februari 2022, Perhatikan Hal-hal Ini saat Klaim 
",https://www.tribunnews.com/techno/2022/02/17/kode-redeem-free-fire-terbaru-hari-ini-kamis-17-februari-2022-perhatikan-hal-hal-ini-saat-klaim
Apps,"

Google Privacy Sandbox Batasi Pelacakan di Ponsel Android 
",https://www.tribunnews.com/techno/2022/02/17/google-privacy-sandbox-batasi-pelacakan-di-ponsel-android
Apps,"

CleanSheet Jadi Jawara The NextDev 2021 
",https://www.tribunnews.com/techno/2022/02/17/cleansheet-jadi-jawara-the-nextdev-2021
Gadget,"

Material Gorilla Glass Victus+  Bikin Samsung Galaxy S22 Ultra Kuat Dilindas Mobil 
",https://www.tribunnews.com/techno/2022/02/17/material-gorilla-glass-victus-bikin-samsung-galaxy-s22-ultra-kuat-dilindas-mobil
Gadget,"

Jalin Kemitraan dengan PT ASABA, Axioo Sasar Sektor Komersial dan Pemerintahan 
",https://www.tribunnews.com/techno/2022/02/17/jalin-kemitraan-dengan-pt-asaba-axioo-sasar-sektor-komersial-dan-pemerintahan
News,"

Kini Pengguna Twitter Bisa Ngasih Tip Ethereum ke Para Content Creator 
",https://www.tribunnews.com/techno/2022/02/17/kini-pengguna-twitter-bisa-ngasih-tip-ethereum-ke-para-content-creator
,"

Punya Kontribusi Signifikan Pada PDB, Stakeholder Diajak Bahu-membahu Sehatkan Industri Telko 
",https://www.tribunnews.com/techno/2022/02/17/punya-kontribusi-signifikan-pada-pdb-stakeholder-diajak-bahu-membahu-sehatkan-industri-telko
Apps,"

WhatsApp Berencana Kembalikan Tampilan Kontak Antarmuka Versi Lama 
",https://www.tribunnews.com/techno/2022/02/17/whatsapp-berencana-kembalikan-tampilan-kontak-antarmuka-versi-lama
News,"

Pengembang Ditantang Berkompetisi Website di Ajang IWA 2021 
",https://www.tribunnews.com/techno/2022/02/17/pengembang-ditantang-berkompetisi-website-di-ajang-iwa-2021
Gadget,"

Unggulkan Fitur Pemotretan, Oppo Kenalkan Fitur-Fitur Utama Lini Seri Reno7Â  
",https://www.tribunnews.com/techno/2022/02/16/unggulkan-fitur-pemotretan-oppo-kenalkan-fitur-fitur-utama-lini-seri-reno7
,"

Spesifikasi Realme 9 Pro+ dan Realme 9 Pro, Smartphone Flagship di Segmen Harga Menengah 
",https://www.tribunnews.com/techno/2022/02/16/spesifikasi-realme-9-pro-dan-realme-9-pro-smartphone-flagship-di-segmen-harga-menengah
Gadget,"

Meluncur di Indonesia, Ini Spesifikasi dan Harga Resmi Realme 9 Pro 
",https://www.tribunnews.com/techno/2022/02/16/meluncur-di-indonesia-ini-spesifikasi-dan-harga-resmi-realme-9-pro
Apps,"

Dapat Pendanaan, Startup Ini Dorong Ekosistem Pengelolaan Sampah 
",https://www.tribunnews.com/techno/2022/02/16/dapat-pendanaan-startup-ini-dorong-ekosistem-pengelolaan-sampah
,"

Lakukan Transformasi Bisnis, Telkomtelstra Berubah Nama Menjadi Digiserve By Telkom 
",https://www.tribunnews.com/techno/2022/02/16/digital-aplikasi-solusi-berubah-nama-jadi-digiserve-by-telkom-indonesia
Gadget,"

KODE Redeem FF Rabu 16 Februari 2022, Simak Cara Klaim Kodenya di reward.ff.garena.com 
",https://www.tribunnews.com/techno/2022/02/16/kode-redeem-ff-rabu-16-februari-2022-simak-cara-klaim-kodenya-di-rewardffgarenacom
Gadget,"

Daftar Harga HP OPPO Terbaru Bulan Februari 2022: Mulai dari Rp 1 Jutaan 
",https://www.tribunnews.com/techno/2022/02/16/daftar-harga-hp-oppo-terbaru-bulan-februari-2022-mulai-dari-rp-1-jutaan
,"

Klub San Francisco 49ers Jadi Korban Serangan Geng Ransomware BlackByte 
",https://www.tribunnews.com/techno/2022/02/16/klub-san-francisco-49ers-jadi-korban-serangan-geng-ransomware-blackbyte
Apps,"

KODE Redeem Free Fire Terbaru Hari Ini Rabu, 16 Februari 2022, Perhatikan Hal-hal Ini saat Klaim 
",https://www.tribunnews.com/techno/2022/02/16/kode-redeem-free-fire-terbaru-hari-ini-rabu-16-februari-2022-perhatikan-hal-hal-ini-saat-klaim
Gadget,"

Apple Akan Luncurkan 3 Mac Baru Pada Maret Mendatang, Ini Prediksinya 
",https://www.tribunnews.com/techno/2022/02/16/apple-akan-luncurkan-3-mac-baru-pada-maret-mendatang-ini-prediksinya
News,"

Jaringan 5G di Indonesia Diproyeksikan Merata dalam 3 Tahun ke Depan 
",https://www.tribunnews.com/techno/2022/02/16/jaringan-5g-di-indonesia-diproyeksikan-merata-dalam-3-tahun-ke-depan
